[
	{
		"name": "theme_info",
		"logo": "https:\/\/cdn.shopify.com\/s\/global\/branding\/shopify_logo_256x256.png",
		"settings": [
			{
				"type": "header",
				"content": "Launchpad Theme"
			},
			{
				"type": "paragraph",
				"content": "This theme is fully supported by Shopify. For support and customizations, contact [theme-support@shopify.com](mailto:theme-support@shopify.com?subject=[Launchpad]+Theme+Support)."
			}
		]
	},
	{
		"name": "Colors",
		"settings": [
			{
				"type": "color",
				"id": "color_body_bg",
				"label": "Background",
				"default": "#ffffff"
			},
			{
				"type": "color",
				"id": "color_borders",
				"label": "Lines and borders",
				"default": "#e5e5e5"
			},
			{
				"type": "color",
				"id": "color_button_primary_text",
				"label": "Primary button text",
				"default": "#ffffff"
			},
			{
				"type": "color",
				"id": "color_secondary",
				"label": "Secondary buttons",
				"default": "#dcdcdc"
			},
			{
				"type": "color",
				"id": "color_button_secondary_text",
				"label": "Secondary button text",
				"default": "#ffffff"
			},
			{
				"type": "color",
				"id": "color_body_text",
				"label": "Text",
				"default": "#333333"
			},
			{
				"type": "color",
				"id": "color_footer_social_link",
				"label": "Social media",
				"default": "#bbbbbb"
			}
		]
	},
	{
		"name": "Typography",
		"settings": [
			{
				"type": "header",
				"content": "Body text"
			},
			{
				"type": "select",
				"id": "type_base_family",
				"label": "Font",
				"options": [
					{
						"value": "'Avant Garde', Avantgarde, 'Century Gothic', CenturyGothic, 'AppleGothic', sans-serif",
						"label": "Avant Garde",
						"group": "Sans-serif"
					},
					{
						"value": "'Gill Sans', 'Gill Sans MT', Calibri, sans-serif",
						"label": "Gill Sans",
						"group": "Sans-serif"
					},
					{
						"value": "'HelveticaNeue', 'Helvetica Neue', Helvetica, Arial, sans-serif",
						"label": "Helvetica Neue",
						"group": "Sans-serif"
					},
					{
						"value": "Arial, 'Helvetica Neue', Helvetica, sans-serif",
						"label": "Arial",
						"group": "Sans-serif"
					},
					{
						"value": "Candara, Calibri, Segoe, 'Segoe UI', Optima, Arial, sans-serif",
						"label": "Candara",
						"group": "Sans-serif"
					},
					{
						"value": "Geneva, Tahoma, Verdana, sans-serif",
						"label": "Geneva",
						"group": "Sans-serif"
					},
					{
						"value": "Google_Asap_400,700_sans",
						"label": "Asap",
						"group": "Sans-serif | Google Web Fonts"
					},
					{
						"value": "Google_Cabin_400,700_sans",
						"label": "Cabin",
						"group": "Sans-serif | Google Web Fonts"
					},
					{
						"value": "Google_Droid+Sans_400,700_sans",
						"label": "Droid Sans",
						"group": "Sans-serif | Google Web Fonts"
					},
					{
						"value": "Google_Lato_400,700_sans",
						"label": "Lato",
						"group": "Sans-serif | Google Web Fonts"
					},
					{
						"value": "Google_Montserrat_400,700_sans",
						"label": "Montserrat",
						"group": "Sans-serif | Google Web Fonts"
					},
					{
						"value": "Google_Open+Sans_400,700_sans",
						"label": "Open Sans",
						"group": "Sans-serif | Google Web Fonts"
					},
					{
						"value": "Google_PT+Sans_400,700_sans",
						"label": "PT Sans",
						"group": "Sans-serif | Google Web Fonts"
					},
					{
						"value": "Google_Raleway_600,800_sans",
						"label": "Raleway",
						"group": "Sans-serif | Google Web Fonts"
					},
					{
						"value": "Google_Roboto_400,700_sans",
						"label": "Roboto",
						"group": "Sans-serif | Google Web Fonts"
					},
					{
						"value": "Google_Source+Sans+Pro_400,700_sans",
						"label": "Source Sans Pro",
						"group": "Sans-serif | Google Web Fonts"
					},
					{
						"value": "Google_Ubuntu_400,700_sans",
						"label": "Ubuntu",
						"group": "Sans-serif | Google Web Fonts"
					},
					{
						"value": "'Big Caslon', 'Book Antiqua', 'Palatino Linotype', Georgia, serif",
						"label": "Big Calson",
						"group": "Serif"
					},
					{
						"value": "'Calisto MT', 'Bookman Old Style', Bookman, 'Goudy Old Style', Garamond, 'Hoefler Text', 'Bitstream Charter', Georgia, serif",
						"label": "Calisto MT",
						"group": "Serif"
					},
					{
						"value": "Baskerville, 'Baskerville Old Face', 'Hoefler Text', Garamond, 'Times New Roman', serif",
						"label": "Baskerville",
						"group": "Serif"
					},
					{
						"value": "Garamond, Baskerville, 'Baskerville Old Face', 'Hoefler Text', 'Times New Roman', serif",
						"label": "Garamond",
						"group": "Serif"
					},
					{
						"value": "Georgia, 'Hoefler Text', 'Times New Roman', serif",
						"label": "Georgia",
						"group": "Serif"
					},
					{
						"value": "TimesNewRoman, 'Times New Roman', Times, Baskerville, Georgia, serif",
						"label": "Times New Roman",
						"group": "Serif"
					},
					{
						"value": "Google_Arvo_400,700_serif",
						"label": "Arvo",
						"group": "Serif | Google Web Fonts"
					},
					{
						"value": "Google_Copse_400,700_serif",
						"label": "Copse",
						"group": "Serif | Google Web Fonts"
					},
					{
						"value": "Google_Crimson+Text_400,700_serif",
						"label": "Crimson Text",
						"group": "Serif | Google Web Fonts"
					},
					{
						"value": "Google_Droid+Serif_400,700_serif",
						"label": "Droid Serif",
						"group": "Serif | Google Web Fonts"
					},
					{
						"value": "Google_Lora_400,700_serif",
						"label": "Lora",
						"group": "Serif | Google Web Fonts"
					},
					{
						"value": "Google_PT+Serif_400,700_serif",
						"label": "PT Serif",
						"group": "Serif | Google Web Fonts"
					},
					{
						"value": "Google_Vollkorn_400,700_serif",
						"label": "Vollkorn",
						"group": "Serif | Google Web Fonts"
					}
				]
			},
			{
				"type": "select",
				"id": "type_base_size",
				"label": "Base size",
				"options": [
					{
						"value": "12px",
						"label": "12px"
					},
					{
						"value": "13px",
						"label": "13px"
					},
					{
						"value": "14px",
						"label": "14px"
					},
					{
						"value": "15px",
						"label": "15px"
					},
					{
						"value": "16px",
						"label": "16px"
					},
					{
						"value": "17px",
						"label": "17px"
					},
					{
						"value": "18px",
						"label": "18px"
					}
				]
			},
			{
				"type": "header",
				"content": "Headings"
			},
			{
				"type": "select",
				"id": "type_header_family",
				"label": "Font",
				"options": [
					{
						"value": "'Avant Garde', Avantgarde, 'Century Gothic', CenturyGothic, 'AppleGothic', sans-serif",
						"label": "Avant Garde",
						"group": "Sans-serif"
					},
					{
						"value": "'Gill Sans', 'Gill Sans MT', Calibri, sans-serif",
						"label": "Gill Sans",
						"group": "Sans-serif"
					},
					{
						"value": "'HelveticaNeue', 'Helvetica Neue', Helvetica, Arial, sans-serif",
						"label": "Helvetica Neue",
						"group": "Sans-serif"
					},
					{
						"value": "Arial, 'Helvetica Neue', Helvetica, sans-serif",
						"label": "Arial",
						"group": "Sans-serif"
					},
					{
						"value": "Candara, Calibri, Segoe, 'Segoe UI', Optima, Arial, sans-serif",
						"label": "Candara",
						"group": "Sans-serif"
					},
					{
						"value": "Geneva, Tahoma, Verdana, sans-serif",
						"label": "Geneva",
						"group": "Sans-serif"
					},
					{
						"value": "Google_Asap_400_sans",
						"label": "Asap",
						"group": "Sans-serif | Google Web Fonts"
					},
					{
						"value": "Google_Asap_700_sans",
						"label": "Asap Bold",
						"group": "Sans-serif | Google Web Fonts"
					},
					{
						"value": "Google_Cabin_400_sans",
						"label": "Cabin",
						"group": "Sans-serif | Google Web Fonts"
					},
					{
						"value": "Google_Cabin_500_sans",
						"label": "Cabin Medium",
						"group": "Sans-serif | Google Web Fonts"
					},
					{
						"value": "Google_Cabin_700_sans",
						"label": "Cabin Bold",
						"group": "Sans-serif | Google Web Fonts"
					},
					{
						"value": "Google_Droid+Sans_400_sans",
						"label": "Droid Sans",
						"group": "Sans-serif | Google Web Fonts"
					},
					{
						"value": "Google_Droid+Sans_700_sans",
						"label": "Droid Sans Bold",
						"group": "Sans-serif | Google Web Fonts"
					},
					{
						"value": "Google_Josefin+Sans_400_sans",
						"label": "Josefin Sans",
						"group": "Sans-serif | Google Web Fonts"
					},
					{
						"value": "Google_Josefin+Sans_700_sans",
						"label": "Josefin Sans Bold",
						"group": "Sans-serif | Google Web Fonts"
					},
					{
						"value": "Google_Lato_400_sans",
						"label": "Lato",
						"group": "Sans-serif | Google Web Fonts"
					},
					{
						"value": "Google_Lato_700_sans",
						"label": "Lato Bold",
						"group": "Sans-serif | Google Web Fonts"
					},
					{
						"value": "Google_Montserrat_400_sans",
						"label": "Montserrat",
						"group": "Sans-serif | Google Web Fonts"
					},
					{
						"value": "Google_Montserrat_700_sans",
						"label": "Montserrat Bold",
						"group": "Sans-serif | Google Web Fonts"
					},
					{
						"value": "Google_Open+Sans_400_sans",
						"label": "Open Sans",
						"group": "Sans-serif | Google Web Fonts"
					},
					{
						"value": "Google_Open+Sans_700_sans",
						"label": "Open Sans Bold",
						"group": "Sans-serif | Google Web Fonts"
					},
					{
						"value": "Google_PT+Sans_400_sans",
						"label": "PT Sans",
						"group": "Sans-serif | Google Web Fonts"
					},
					{
						"value": "Google_PT+Sans_700_sans",
						"label": "PT Sans Bold",
						"group": "Sans-serif | Google Web Fonts"
					},
					{
						"value": "Google_Roboto_400_sans",
						"label": "Roboto",
						"group": "Sans-serif | Google Web Fonts"
					},
					{
						"value": "Google_Roboto_700_sans",
						"label": "Roboto Bold",
						"group": "Sans-serif | Google Web Fonts"
					},
					{
						"value": "Google_Source+Sans+Pro_400_sans",
						"label": "Source Sans Pro",
						"group": "Sans-serif | Google Web Fonts"
					},
					{
						"value": "Google_Source+Sans+Pro_700_sans",
						"label": "Source Sans Pro Bold",
						"group": "Sans-serif | Google Web Fonts"
					},
					{
						"value": "Google_Ubuntu_400_sans",
						"label": "Ubuntu",
						"group": "Sans-serif | Google Web Fonts"
					},
					{
						"value": "Google_Ubuntu_700_sans",
						"label": "Ubuntu Bold",
						"group": "Sans-serif | Google Web Fonts"
					},
					{
						"value": "'Big Caslon', 'Book Antiqua', 'Palatino Linotype', Georgia, serif",
						"label": "Big Calson",
						"group": "Serif"
					},
					{
						"value": "'Calisto MT', 'Bookman Old Style', Bookman, 'Goudy Old Style', Garamond, 'Hoefler Text', 'Bitstream Charter', Georgia, serif",
						"label": "Calisto MT",
						"group": "Serif"
					},
					{
						"value": "Baskerville, 'Baskerville Old Face', 'Hoefler Text', Garamond, 'Times New Roman', serif",
						"label": "Baskerville",
						"group": "Serif"
					},
					{
						"value": "Garamond, Baskerville, 'Baskerville Old Face', 'Hoefler Text', 'Times New Roman', serif",
						"label": "Garamond",
						"group": "Serif"
					},
					{
						"value": "TimesNewRoman, 'Times New Roman', Times, Baskerville, Georgia, serif",
						"label": "Times New Roman",
						"group": "Serif"
					},
					{
						"value": "Google_Arvo_400_serif",
						"label": "Arvo",
						"group": "Serif | Google Web Fonts"
					},
					{
						"value": "Google_Arvo_700_serif",
						"label": "Arvo Bold",
						"group": "Serif | Google Web Fonts"
					},
					{
						"value": "Google_Copse_400_serif",
						"label": "Copse",
						"group": "Serif | Google Web Fonts"
					},
					{
						"value": "Google_Copse_700_serif",
						"label": "Copse Bold",
						"group": "Serif | Google Web Fonts"
					},
					{
						"value": "Google_Crimson+Text_400_serif",
						"label": "Crimson Text",
						"group": "Serif | Google Web Fonts"
					},
					{
						"value": "Google_Crimson+Text_700_serif",
						"label": "Crimson Text Bold",
						"group": "Serif | Google Web Fonts"
					},
					{
						"value": "Google_Droid+Serif_400_serif",
						"label": "Droid Serif",
						"group": "Serif | Google Web Fonts"
					},
					{
						"value": "Google_Droid+Serif_700_serif",
						"label": "Droid Serif Bold",
						"group": "Serif | Google Web Fonts"
					},
					{
						"value": "Google_Gentium+Book+Basic_400_serif",
						"label": "Gentium Book Basic",
						"group": "Serif | Google Web Fonts"
					},
					{
						"value": "Google_Gentium+Book+Basic_700_serif",
						"label": "Gentium Book Basic Bold",
						"group": "Serif | Google Web Fonts"
					},
					{
						"value": "Google_Josefin+Slab_400_serif",
						"label": "Josefin Slab",
						"group": "Serif | Google Web Fonts"
					},
					{
						"value": "Google_Josefin+Slab_700_serif",
						"label": "Josefin Slab Bold",
						"group": "Serif | Google Web Fonts"
					},
					{
						"value": "Google_Kreon_400_serif",
						"label": "Kreon",
						"group": "Serif | Google Web Fonts"
					},
					{
						"value": "Google_Kreon_700_serif",
						"label": "Kreon Bold",
						"group": "Serif | Google Web Fonts"
					},
					{
						"value": "Google_Lora_400_serif",
						"label": "Lora",
						"group": "Serif | Google Web Fonts"
					},
					{
						"value": "Google_Lora_700_serif",
						"label": "Lora Bold",
						"group": "Serif | Google Web Fonts"
					},
					{
						"value": "Google_Merriweather_400_serif",
						"label": "Merriweather",
						"group": "Serif | Google Web Fonts"
					},
					{
						"value": "Google_Merriweather_700_serif",
						"label": "Merriweather Bold",
						"group": "Serif | Google Web Fonts"
					},
					{
						"value": "Google_Old+Standard+TT_400_serif",
						"label": "Old Standard TT",
						"group": "Serif | Google Web Fonts"
					},
					{
						"value": "Google_Old+Standard+TT_700_serif",
						"label": "Old Standard TT Bold",
						"group": "Serif | Google Web Fonts"
					},
					{
						"value": "Google_PT+Serif_400_serif",
						"label": "PT Serif",
						"group": "Serif | Google Web Fonts"
					},
					{
						"value": "Google_PT+Serif_700_serif",
						"label": "PT Serif Bold",
						"group": "Serif | Google Web Fonts"
					},
					{
						"value": "Google_Vollkorn_400_serif",
						"label": "Vollkorn",
						"group": "Serif | Google Web Fonts"
					},
					{
						"value": "Google_Vollkorn_700_serif",
						"label": "Vollkorn Bold",
						"group": "Serif | Google Web Fonts"
					}
				]
			},
			{
				"type": "select",
				"id": "type_header_size",
				"label": "Base size",
				"default": "32px",
				"options": [
					{
						"value": "26px",
						"label": "26px"
					},
					{
						"value": "28px",
						"label": "28px"
					},
					{
						"value": "30px",
						"label": "30px"
					},
					{
						"value": "32px",
						"label": "32px"
					},
					{
						"value": "34px",
						"label": "34px"
					},
					{
						"value": "36px",
						"label": "36px"
					}
				]
			},
			{
				"type": "header",
				"content": "Navigation and buttons"
			},
			{
				"type": "select",
				"id": "type_accent_family",
				"label": "Font",
				"options": [
					{
						"value": "'Avant Garde', Avantgarde, 'Century Gothic', CenturyGothic, 'AppleGothic', sans-serif",
						"label": "Avant Garde",
						"group": "Sans-serif"
					},
					{
						"value": "'Gill Sans', 'Gill Sans MT', Calibri, sans-serif",
						"label": "Gill Sans",
						"group": "Sans-serif"
					},
					{
						"value": "'HelveticaNeue', 'Helvetica Neue', Helvetica, Arial, sans-serif",
						"label": "Helvetica Neue",
						"group": "Sans-serif"
					},
					{
						"value": "Arial, 'Helvetica Neue', Helvetica, sans-serif",
						"label": "Arial",
						"group": "Sans-serif"
					},
					{
						"value": "Candara, Calibri, Segoe, 'Segoe UI', Optima, Arial, sans-serif",
						"label": "Candara",
						"group": "Sans-serif"
					},
					{
						"value": "Geneva, Tahoma, Verdana, sans-serif",
						"label": "Geneva",
						"group": "Sans-serif"
					},
					{
						"value": "Google_Asap_400_sans",
						"label": "Asap",
						"group": "Sans-serif | Google Web Fonts"
					},
					{
						"value": "Google_Asap_700_sans",
						"label": "Asap Bold",
						"group": "Sans-serif | Google Web Fonts"
					},
					{
						"value": "Google_Cabin_400_sans",
						"label": "Cabin",
						"group": "Sans-serif | Google Web Fonts"
					},
					{
						"value": "Google_Cabin_500_sans",
						"label": "Cabin Medium",
						"group": "Sans-serif | Google Web Fonts"
					},
					{
						"value": "Google_Cabin_700_sans",
						"label": "Cabin Bold",
						"group": "Sans-serif | Google Web Fonts"
					},
					{
						"value": "Google_Droid+Sans_400_sans",
						"label": "Droid Sans",
						"group": "Sans-serif | Google Web Fonts"
					},
					{
						"value": "Google_Droid+Sans_700_sans",
						"label": "Droid Sans Bold",
						"group": "Sans-serif | Google Web Fonts"
					},
					{
						"value": "Google_Josefin+Sans_400_sans",
						"label": "Josefin Sans",
						"group": "Sans-serif | Google Web Fonts"
					},
					{
						"value": "Google_Josefin+Sans_700_sans",
						"label": "Josefin Sans Bold",
						"group": "Sans-serif | Google Web Fonts"
					},
					{
						"value": "Google_Lato_400_sans",
						"label": "Lato",
						"group": "Sans-serif | Google Web Fonts"
					},
					{
						"value": "Google_Lato_700_sans",
						"label": "Lato Bold",
						"group": "Sans-serif | Google Web Fonts"
					},
					{
						"value": "Google_Montserrat_400_sans",
						"label": "Montserrat",
						"group": "Sans-serif | Google Web Fonts"
					},
					{
						"value": "Google_Montserrat_700_sans",
						"label": "Montserrat Bold",
						"group": "Sans-serif | Google Web Fonts"
					},
					{
						"value": "Google_Open+Sans_400_sans",
						"label": "Open Sans",
						"group": "Sans-serif | Google Web Fonts"
					},
					{
						"value": "Google_Open+Sans_700_sans",
						"label": "Open Sans Bold",
						"group": "Sans-serif | Google Web Fonts"
					},
					{
						"value": "Google_PT+Sans_400_sans",
						"label": "PT Sans",
						"group": "Sans-serif | Google Web Fonts"
					},
					{
						"value": "Google_PT+Sans_700_sans",
						"label": "PT Sans Bold",
						"group": "Sans-serif | Google Web Fonts"
					},
					{
						"value": "Google_Roboto_400_sans",
						"label": "Roboto",
						"group": "Sans-serif | Google Web Fonts"
					},
					{
						"value": "Google_Roboto_700_sans",
						"label": "Roboto Bold",
						"group": "Sans-serif | Google Web Fonts"
					},
					{
						"value": "Google_Source+Sans+Pro_400_sans",
						"label": "Source Sans Pro",
						"group": "Sans-serif | Google Web Fonts"
					},
					{
						"value": "Google_Source+Sans+Pro_700_sans",
						"label": "Source Sans Pro Bold",
						"group": "Sans-serif | Google Web Fonts"
					},
					{
						"value": "Google_Ubuntu_400_sans",
						"label": "Ubuntu",
						"group": "Sans-serif | Google Web Fonts"
					},
					{
						"value": "Google_Ubuntu_700_sans",
						"label": "Ubuntu Bold",
						"group": "Sans-serif | Google Web Fonts"
					},
					{
						"value": "'Big Caslon', 'Book Antiqua', 'Palatino Linotype', Georgia, serif",
						"label": "Big Calson",
						"group": "Serif"
					},
					{
						"value": "'Calisto MT', 'Bookman Old Style', Bookman, 'Goudy Old Style', Garamond, 'Hoefler Text', 'Bitstream Charter', Georgia, serif",
						"label": "Calisto MT",
						"group": "Serif"
					},
					{
						"value": "Baskerville, 'Baskerville Old Face', 'Hoefler Text', Garamond, 'Times New Roman', serif",
						"label": "Baskerville",
						"group": "Serif"
					},
					{
						"value": "Garamond, Baskerville, 'Baskerville Old Face', 'Hoefler Text', 'Times New Roman', serif",
						"label": "Garamond",
						"group": "Serif"
					},
					{
						"value": "TimesNewRoman, 'Times New Roman', Times, Baskerville, Georgia, serif",
						"label": "Times New Roman",
						"group": "Serif"
					},
					{
						"value": "Google_Arvo_400_serif",
						"label": "Arvo",
						"group": "Serif | Google Web Fonts"
					},
					{
						"value": "Google_Arvo_700_serif",
						"label": "Arvo Bold",
						"group": "Serif | Google Web Fonts"
					},
					{
						"value": "Google_Copse_400_serif",
						"label": "Copse",
						"group": "Serif | Google Web Fonts"
					},
					{
						"value": "Google_Copse_700_serif",
						"label": "Copse Bold",
						"group": "Serif | Google Web Fonts"
					},
					{
						"value": "Google_Crimson+Text_400_serif",
						"label": "Crimson Text",
						"group": "Serif | Google Web Fonts"
					},
					{
						"value": "Google_Crimson+Text_700_serif",
						"label": "Crimson Text Bold",
						"group": "Serif | Google Web Fonts"
					},
					{
						"value": "Google_Droid+Serif_400_serif",
						"label": "Droid Serif",
						"group": "Serif | Google Web Fonts"
					},
					{
						"value": "Google_Droid+Serif_700_serif",
						"label": "Droid Serif Bold",
						"group": "Serif | Google Web Fonts"
					},
					{
						"value": "Google_Gentium+Book+Basic_400_serif",
						"label": "Gentium Book Basic",
						"group": "Serif | Google Web Fonts"
					},
					{
						"value": "Google_Gentium+Book+Basic_700_serif",
						"label": "Gentium Book Basic Bold",
						"group": "Serif | Google Web Fonts"
					},
					{
						"value": "Google_Josefin+Slab_400_serif",
						"label": "Josefin Slab",
						"group": "Serif | Google Web Fonts"
					},
					{
						"value": "Google_Josefin+Slab_700_serif",
						"label": "Josefin Slab Bold",
						"group": "Serif | Google Web Fonts"
					},
					{
						"value": "Google_Kreon_400_serif",
						"label": "Kreon",
						"group": "Serif | Google Web Fonts"
					},
					{
						"value": "Google_Kreon_700_serif",
						"label": "Kreon Bold",
						"group": "Serif | Google Web Fonts"
					},
					{
						"value": "Google_Lora_400_serif",
						"label": "Lora",
						"group": "Serif | Google Web Fonts"
					},
					{
						"value": "Google_Lora_700_serif",
						"label": "Lora Bold",
						"group": "Serif | Google Web Fonts"
					},
					{
						"value": "Google_Merriweather_400_serif",
						"label": "Merriweather",
						"group": "Serif | Google Web Fonts"
					},
					{
						"value": "Google_Merriweather_700_serif",
						"label": "Merriweather Bold",
						"group": "Serif | Google Web Fonts"
					},
					{
						"value": "Google_Old+Standard+TT_400_serif",
						"label": "Old Standard TT",
						"group": "Serif | Google Web Fonts"
					},
					{
						"value": "Google_Old+Standard+TT_700_serif",
						"label": "Old Standard TT Bold",
						"group": "Serif | Google Web Fonts"
					},
					{
						"value": "Google_PT+Serif_400_serif",
						"label": "PT Serif",
						"group": "Serif | Google Web Fonts"
					},
					{
						"value": "Google_PT+Serif_700_serif",
						"label": "PT Serif Bold",
						"group": "Serif | Google Web Fonts"
					},
					{
						"value": "Google_Vollkorn_400_serif",
						"label": "Vollkorn",
						"group": "Serif | Google Web Fonts"
					},
					{
						"value": "Google_Vollkorn_700_serif",
						"label": "Vollkorn Bold",
						"group": "Serif | Google Web Fonts"
					}
				]
			},
			{
				"type": "select",
				"id": "type_accent_size",
				"label": "Size",
				"default": "16px",
				"options": [
					{
						"value": "12px",
						"label": "12px"
					},
					{
						"value": "14px",
						"label": "14px"
					},
					{
						"value": "16px",
						"label": "16px"
					},
					{
						"value": "18px",
						"label": "18px"
					},
					{
						"value": "20px",
						"label": "20px"
					},
					{
						"value": "22px",
						"label": "22px"
					},
					{
						"value": "24px",
						"label": "24px"
					},
					{
						"value": "26px",
						"label": "26px"
					}
				]
			}
		]
	},
	{
		"name": "Header",
		"settings": [
			{
				"type": "header",
				"content": "Logo"
			},
			{
				"type": "checkbox",
				"id": "logo_use_image",
				"label": "Use a custom logo"
			},
			{
				"type": "image",
				"id": "logo.png",
				"label": "Custom logo",
				"max-width": 1340,
				"info": "450 x 200px recommended"
			},
			{
				"type": "text",
				"id": "logo_max_width",
				"label": "Custom logo width (in pixels)",
				"default": "450"
			},
			{
				"type": "checkbox",
				"id": "left_aligned_logo",
				"label": "Left-align logo"
			},
			{
				"type": "checkbox",
				"id": "show_header_lines",
				"label": "Show lines in header"
			},
			{
				"type": "header",
				"content": "Favicon"
			},
			{
				"type": "checkbox",
				"id": "favicon_enable",
				"label": "Use custom icon"
			},
			{
				"type": "image",
				"id": "favicon.png",
				"max-width": 16,
				"max-height": 16,
				"label": "Custom icon",
				"info": "16 x 16px .png required"
			},
			{
				"type": "header",
				"content": "Top bar"
			},
			{
				"type": "text",
				"id": "header_message",
				"label": "Top bar message",
				"info": "Max 55 characters"
			},
			{
				"type": "checkbox",
				"id": "navigation_search_enable",
				"label": "Show search bar"
			}
		]
	},
	{
		"name": "Footer",
		"settings": [
			{
				"type": "checkbox",
				"id": "footer_quicklinks_enable",
				"label": "Show footer menu"
			},
			{
				"type": "checkbox",
				"id": "footer_quicklinks_title_enable",
				"label": "Show footer menu title"
			},
			{
				"type": "link_list",
				"id": "footer_quicklinks_linklist",
				"label": "Footer menu"
			},
			{
				"type": "checkbox",
				"id": "footer_social_enable",
				"label": "Show social media icons",
				"info": "Add accounts in Social media section"
			},
			{
				"type": "checkbox",
				"id": "footer_contact_enable",
				"label": "Show contact information"
			},
			{
				"type": "textarea",
				"id": "footer_contact_text",
				"label": "Contact text",
				"info": "Use basic HTML to format text"
			},
			{
				"type": "checkbox",
				"id": "footer_newsletter_enable",
				"label": "Show newsletter sign-up"
			},
			{
				"type": "text",
				"id": "newsletter_form_action",
				"label": "MailChimp form action URL",
				"info": "[Find your MailChimp form action URL](https:\/\/docs.shopify.com\/manual\/configuration\/store-customization\/communicating-with-customers\/accounts-and-newsletters\/get-a-mailchimp-form-action-url)."
			},
			{
				"type": "checkbox",
				"id": "footer_show_methods_of_payment",
				"label": "Show methods of paymemt"
			},
			{
				"type": "checkbox",
				"id": "show_footer_lines",
				"label": "Show lines in footer"
			}
		]
	},
	{
		"name": "Home page",
		"settings": [
			{
				"type": "header",
				"content": "Section order"
			},
			{
				"type": "paragraph",
				"content": "Choose your home page sections and their order."
			},
			{
				"type": "select",
				"id": "home_section_1",
				"label": "Section 1",
				"options": [
					{
						"value": "",
						"label": "None"
					},
					{
						"value": "slider",
						"label": "Slider"
					},
					{
						"value": "featured-product",
						"label": "Featured product"
					},
					{
						"value": "featured-products",
						"label": "Featured collection"
					},
					{
						"value": "home-content",
						"label": "Page content"
					}
				]
			},
			{
				"type": "select",
				"id": "home_section_2",
				"label": "Section 2",
				"options": [
					{
						"value": "",
						"label": "None"
					},
					{
						"value": "slider",
						"label": "Slider"
					},
					{
						"value": "featured-product",
						"label": "Featured product"
					},
					{
						"value": "featured-products",
						"label": "Featured collection"
					},
					{
						"value": "home-content",
						"label": "Page content"
					}
				]
			},
			{
				"type": "select",
				"id": "home_section_3",
				"label": "Section 3",
				"options": [
					{
						"value": "",
						"label": "None"
					},
					{
						"value": "slider",
						"label": "Slider"
					},
					{
						"value": "featured-product",
						"label": "Featured product"
					},
					{
						"value": "featured-products",
						"label": "Featured collection"
					},
					{
						"value": "home-content",
						"label": "Page content"
					}
				]
			},
			{
				"type": "select",
				"id": "home_section_4",
				"label": "Section 4",
				"options": [
					{
						"value": "",
						"label": "None"
					},
					{
						"value": "slider",
						"label": "Slider"
					},
					{
						"value": "featured-product",
						"label": "Featured product"
					},
					{
						"value": "featured-products",
						"label": "Featured collection"
					},
					{
						"value": "home-content",
						"label": "Page content"
					}
				]
			}
		]
	},
	{
		"name": "Home page - slideshow",
		"settings": [
			{
				"type": "checkbox",
				"id": "slider_home_auto",
				"label": "Auto-rotate slides"
			},
			{
				"type": "checkbox",
				"id": "slider_home_show_dots",
				"label": "Show dot indicators"
			},
			{
				"type": "select",
				"id": "slider_home_rate",
				"label": "Rotation interval",
				"options": [
					{
						"value": "3000",
						"label": "3 seconds"
					},
					{
						"value": "4000",
						"label": "4 seconds"
					},
					{
						"value": "5000",
						"label": "5 seconds"
					},
					{
						"value": "7000",
						"label": "7 seconds"
					},
					{
						"value": "10000",
						"label": "10 seconds"
					},
					{
						"value": "15000",
						"label": "15 seconds"
					}
				]
			},
			{
				"type": "select",
				"id": "slider_home_transition",
				"label": "Transition effect",
				"options": [
					{
						"value": "fade",
						"label": "Fade"
					},
					{
						"value": "slide",
						"label": "Slide"
					}
				]
			},
			{
				"type": "header",
				"content": "Slide 1"
			},
			{
				"type": "checkbox",
				"id": "slide_1",
				"label": "Enable"
			},
			{
				"type": "image",
				"id": "slide_1.jpg",
				"label": "Image",
				"max-width": 970,
				"info": "970 x 340px recommended"
			},
			{
				"type": "text",
				"id": "slide_1_link",
				"label": "Link URL"
			},
			{
				"type": "text",
				"id": "slide_1_alt",
				"label": "Alt text"
			},
			{
				"type": "header",
				"content": "Slide 2"
			},
			{
				"type": "checkbox",
				"id": "slide_2",
				"label": "Enable"
			},
			{
				"type": "image",
				"id": "slide_2.jpg",
				"label": "Image",
				"max-width": 970,
				"info": "970 x 340px recommended"
			},
			{
				"type": "text",
				"id": "slide_2_link",
				"label": "Link URL"
			},
			{
				"type": "text",
				"id": "slide_2_alt",
				"label": "Alt text"
			},
			{
				"type": "header",
				"content": "Slide 3"
			},
			{
				"type": "checkbox",
				"id": "slide_3",
				"label": "Enable"
			},
			{
				"type": "image",
				"id": "slide_3.jpg",
				"label": "Image",
				"max-width": 970,
				"info": "970 x 340px recommended"
			},
			{
				"type": "text",
				"id": "slide_3_link",
				"label": "Link URL"
			},
			{
				"type": "text",
				"id": "slide_3_alt",
				"label": "Alt text"
			},
			{
				"type": "header",
				"content": "Slide 4"
			},
			{
				"type": "checkbox",
				"id": "slide_4",
				"label": "Enable"
			},
			{
				"type": "image",
				"id": "slide_4.jpg",
				"label": "Image",
				"max-width": 970,
				"info": "970 x 340px recommended"
			},
			{
				"type": "text",
				"id": "slide_4_link",
				"label": "Link URL"
			},
			{
				"type": "text",
				"id": "slide_4_alt",
				"label": "Alt text"
			},
			{
				"type": "header",
				"content": "Slide 5"
			},
			{
				"type": "checkbox",
				"id": "slide_5",
				"label": "Enable"
			},
			{
				"type": "image",
				"id": "slide_5.jpg",
				"label": "Image",
				"max-width": 970,
				"info": "970 x 340px recommended"
			},
			{
				"type": "text",
				"id": "slide_5_link",
				"label": "Link URL"
			},
			{
				"type": "text",
				"id": "slide_5_alt",
				"label": "Alt text"
			},
			{
				"type": "header",
				"content": "Slide 6"
			},
			{
				"type": "checkbox",
				"id": "slide_6",
				"label": "Enable"
			},
			{
				"type": "image",
				"id": "slide_6.jpg",
				"label": "Image",
				"max-width": 970,
				"info": "970 x 340px recommended"
			},
			{
				"type": "text",
				"id": "slide_6_link",
				"label": "Link URL"
			},
			{
				"type": "text",
				"id": "slide_6_alt",
				"label": "Alt text"
			}
		]
	},
	{
		"name": "Home page - featured product",
		"settings": [
			{
				"type": "product",
				"id": "home_featured_product",
				"label": "Featured product"
			}
		]
	},
	{
		"name": "Home page - featured collection",
		"settings": [
			{
				"type": "collection",
				"id": "home_featured_products",
				"label": "Featured collection"
			},
			{
				"type": "select",
				"id": "home_featured_products_num",
				"label": "Number of products per row",
				"options": [
					{
						"value": "2",
						"label": "2"
					},
					{
						"value": "3",
						"label": "3"
					},
					{
						"value": "4",
						"label": "4"
					},
					{
						"value": "5",
						"label": "5"
					}
				]
			},
			{
				"type": "select",
				"id": "home_featured_products_row_num",
				"label": "Number of rows",
				"options": [
					{
						"value": "1",
						"label": "1"
					},
					{
						"value": "2",
						"label": "2"
					},
					{
						"value": "3",
						"label": "3"
					},
					{
						"value": "4",
						"label": "4"
					},
					{
						"value": "5",
						"label": "5"
					},
					{
						"value": "6",
						"label": "6"
					},
					{
						"value": "7",
						"label": "7"
					},
					{
						"value": "8",
						"label": "8"
					},
					{
						"value": "9",
						"label": "9"
					},
					{
						"value": "10",
						"label": "10"
					}
				]
			},
			{
				"type": "checkbox",
				"id": "home_featured_products_show_heading",
				"label": "Show heading"
			}
		]
	},
	{
		"name": "Home page - featured content",
		"settings": [
			{
				"type": "page",
				"id": "home_page_content",
				"label": "Featured content"
			},
			{
				"type": "checkbox",
				"id": "home_page_show_heading",
				"label": "Show heading"
			}
		]
	},
	{
		"name": "Product page",
		"settings": [
			{
				"type": "checkbox",
				"id": "product_quantity_enable",
				"label": "Show quantity selector"
			},
			{
				"type": "select",
				"id": "product_thumbnails_position",
				"label": "Product thumbnail position",
				"options": [
					{
						"value": "right",
						"label": "Right of main image"
					},
					{
						"value": "below",
						"label": "Below main image"
					}
				]
			},
			{
				"type": "checkbox",
				"id": "product_related_enable",
				"label": "Enable related products"
			}
		]
	},
	{
		"name": "Collection page",
		"settings": [
			{
				"type": "checkbox",
				"id": "collections_show_sale_circle",
				"label": "Show product sale circle"
			},
			{
				"type": "checkbox",
				"id": "collections_show_sold_out_circle",
				"label": "Show product sold out circle"
			},
			{
				"type": "checkbox",
				"id": "collections_sort_enable",
				"label": "Enable collection sorting"
			},
			{
				"type": "checkbox",
				"id": "collections_tags_enable",
				"label": "Enable tag sorting"
			},
			{
				"type": "select",
				"id": "collections_products_per_row",
				"label": "Number of products per row",
				"options": [
					{
						"value": "2",
						"label": "2"
					},
					{
						"value": "3",
						"label": "3"
					},
					{
						"value": "4",
						"label": "4"
					},
					{
						"value": "5",
						"label": "5"
					}
				]
			},
			{
				"type": "select",
				"id": "collections_rows",
				"label": "Number of rows",
				"options": [
					{
						"value": "1",
						"label": "1"
					},
					{
						"value": "2",
						"label": "2"
					},
					{
						"value": "3",
						"label": "3"
					},
					{
						"value": "4",
						"label": "4"
					},
					{
						"value": "5",
						"label": "5"
					},
					{
						"value": "6",
						"label": "6"
					},
					{
						"value": "7",
						"label": "7"
					},
					{
						"value": "8",
						"label": "8"
					},
					{
						"value": "9",
						"label": "9"
					},
					{
						"value": "10",
						"label": "10"
					}
				]
			}
		]
	},
	{
		"name": "Cart page",
		"settings": [
			{
				"type": "checkbox",
				"id": "cart_notes_enable",
				"label": "Enable order notes"
			},
			{
				"type": "checkbox",
				"id": "cart_enable_ajax",
				"label": "Stay on the current page when an item is added to the cart"
			}
		]
	},
	{
		"name": "Social media",
		"settings": [
			{
				"type": "header",
				"content": "Accounts"
			},
			{
				"type": "text",
				"id": "social_twitter_link",
				"label": "Twitter",
				"info": "https:\/\/twitter.com\/shopify"
			},
			{
				"type": "text",
				"id": "social_facebook_link",
				"label": "Facebook",
				"info": "https:\/\/www.facebook.com\/shopify"
			},
			{
				"type": "text",
				"id": "social_pinterest_link",
				"label": "Pinterest",
				"info": "https:\/\/www.pinterest.com\/shopify"
			},
			{
				"type": "text",
				"id": "social_google_plus_link",
				"label": "Google+",
				"info": "https:\/\/plus.google.com\/+shopify"
			},
			{
				"type": "text",
				"id": "social_instagram_link",
				"label": "Instagram",
				"info": "https:\/\/instagram.com\/shopify"
			},
			{
				"type": "text",
				"id": "social_tumblr_link",
				"label": "Tumblr",
				"info": "http:\/\/shopify.tumblr.com"
			},
			{
				"type": "text",
				"id": "social_youtube_link",
				"label": "YouTube",
				"info": "https:\/\/www.youtube.com\/user\/shopify"
			},
			{
				"type": "text",
				"id": "social_vimeo_link",
				"label": "Vimeo",
				"info": "https:\/\/vimeo.com\/shopify"
			},
			{
				"type": "text",
				"id": "social_fancy_link",
				"label": "Fancy",
				"info": "http:\/\/fancy.com\/shopify"
			},
			{
				"type": "text",
				"id": "social_rss_link",
				"label": "RSS",
				"info": "http:\/\/store.myshopify.com\/blogs\/blogname.atom"
			},
			{
				"type": "header",
				"content": "Sharing"
			},
			{
				"type": "checkbox",
				"id": "social_sharing_products",
				"label": "Enable product sharing"
			},
			{
				"type": "checkbox",
				"id": "social_sharing_blog",
				"label": "Enable blog post sharing"
			},
			{
				"type": "checkbox",
				"id": "social_sharing_count",
				"label": "Show number of shares",
				"info": "Available for Facebook, Twitter, and Pinterest"
			},
			{
				"type": "checkbox",
				"id": "share_facebook",
				"label": "Share on Facebook"
			},
			{
				"type": "checkbox",
				"id": "share_twitter",
				"label": "Tweet on Twitter"
			},
			{
				"type": "checkbox",
				"id": "share_pinterest",
				"label": "Pin on Pinterest"
			},
			{
				"type": "checkbox",
				"id": "share_fancy",
				"label": "Add to Fancy"
			},
			{
				"type": "checkbox",
				"id": "share_google",
				"label": "+1 on Google Plus"
			}
		]
	}
]
