{
	"current": "Red and black",
	"presets": {
		"Red and black": {
			"color_body_bg": "#ffffff",
			"color_borders": "#dddddd",
			"color_button_primary_text": "#ffffff",
			"color_secondary": "#bbbbbb",
			"color_button_secondary_text": "#ffffff",
			"color_body_text": "#333333",
			"color_footer_social_link": "#555555",
			"type_base_family": "'HelveticaNeue', 'Helvetica Neue', Helvetica, Arial, sans-serif",
			"type_base_size": "16px",
			"type_header_family": "Google_Cabin_500_sans",
			"type_header_size": "32px",
			"type_accent_family": "'HelveticaNeue', 'Helvetica Neue', Helvetica, Arial, sans-serif",
			"type_accent_size": "16px",
			"logo_use_image": false,
			"logo_max_width": "450",
			"left_aligned_logo": false,
			"show_header_lines": true,
			"favicon_enable": false,
			"header_message": "",
			"navigation_search_enable": true,
			"footer_blog": "news",
			"footer_quicklinks_enable": true,
			"footer_quicklinks_title_enable": true,
			"footer_quicklinks_linklist": "footer",
			"footer_social_enable": true,
			"footer_contact_enable": false,
			"footer_contact_text": "",
			"footer_newsletter_enable": false,
			"newsletter_form_action": "",
			"footer_show_methods_of_payment": true,
			"show_footer_lines": true,
			"home_section_1": "featured-products",
			"home_section_2": "home-content",
			"home_section_3": "",
			"slider_home_auto": true,
			"slider_home_show_dots": false,
			"slider_home_rate": "7000",
			"slider_home_transition": "slide",
			"slide_1": true,
			"slide_1_link": "",
			"slide_1_alt": "",
			"slide_2": true,
			"slide_2_link": "",
			"slide_2_alt": "",
			"slide_3": false,
			"slide_3_link": "",
			"slide_3_alt": "",
			"slide_4": false,
			"slide_4_link": "",
			"slide_4_alt": "",
			"slide_5": false,
			"slide_5_link": "",
			"slide_5_alt": "",
			"slide_6": false,
			"slide_6_link": "",
			"slide_6_alt": "",
			"home_featured_products": "frontpage",
			"home_featured_products_num": "3",
			"home_featured_products_row_num": "3",
			"home_featured_products_show_heading": false,
			"home_page_content": "frontpage",
			"home_page_show_heading": true,
			"product_quantity_enable": true,
			"product_thumbnails_position": "below",
			"product_related_enable": true,
			"collections_show_sale_circle": true,
			"collections_show_sold_out_circle": true,
			"collections_sort_enable": true,
			"collections_tags_enable": true,
			"collections_products_per_row": "3",
			"collections_rows": "4",
			"cart_notes_enable": false,
			"cart_enable_ajax": true,
			"social_twitter_link": "https:\/\/twitter.com\/shopify",
			"social_facebook_link": "https:\/\/www.facebook.com\/shopify",
			"social_pinterest_link": "https:\/\/www.pinterest.com\/shopify",
			"social_google_plus_link": "",
			"social_instagram_link": "https:\/\/instagram.com\/shopify",
			"social_tumblr_link": "",
			"social_youtube_link": "",
			"social_vimeo_link": "",
			"social_fancy_link": "",
			"social_rss_link": "",
			"social_sharing_products": true,
			"social_sharing_blog": true,
			"social_sharing_count": true,
			"share_facebook": true,
			"share_twitter": true,
			"share_pinterest": true,
			"share_fancy": true,
			"share_google": true,
			"checkout_use_header_image": false,
			"checkout_logo": "",
			"checkout_logo_position": "left",
			"checkout_logo_size": "medium",
			"checkout_use_body_background_image": false,
			"checkout_body_background_color": "#ffffff",
			"checkout_input_background_color_mode": "white",
			"checkout_use_sidebar_background_image": false,
			"checkout_sidebar_background_color": "#fafafa",
			"checkout_heading_font": "Helvetica Neue",
			"checkout_body_font": "Helvetica Neue",
			"checkout_accent_color": "#f45b4f",
			"checkout_button_color": "#bbbbbb",
			"checkout_error_color": "#f45b4f"
		}
	}
}
