{"current":{"general-bg-image-enabled":false,"general-bg-image-display":"tiled","color-text":"#000000","color-text-alt":"#000000","color-link":"#000000","color-link-hover":"#ffffff","color-page-bg":"#ffffff","color-panel-bg":"#fafafa","color-border":"#ebebeb","color-error":"#ed797b","color-button":"#dddddd","color-button-bg":"#737373","color-button-bg-hover":"#000000","color-twitter-tone":"light","color-header-bg":"#000000","color-header":"#b9b9b9","color-header-cart":"#747474","color-footer-bg":"#000000","color-footer":"#ffffff","color-slider-caption":"#ffffff","color-slider-caption-bg":"#020202","color-slider-button":"#ffffff","color-slider-button-bg":"#8e8e8e","color-slider-button-hover-bg":"#5b5b5b","color-slider-nav":"#ffffff","color-product-slider-bg":"#ffffff","color-featured-promo-bg":"#ffffff","color-social-feed-bg":"#f1f1f1","color-grid-sale":"#ffffff","color-grid-sale-bg":"#222222","color-grid-sold-out":"#ffffff","color-grid-sold-out-bg":"#222222","color-product-cart-button":"#ffffff","color-product-cart-button-bg":"#9f9f9f","color-product-cart-button-bg-hover":"#000000","color-tabs-accordions":"#fafafa","font-advanced-typekit-id":"","font-logo":"google, 'Open Sans', sans-serif","font-logo-google":"","font-logo-typekit":"","font-nav":"'HelveticaNeue-Light', 'Helvetica Neue Light', 'Helvetica Neue', Helvetica, Arial, 'Lucida Grande', sans-serif","font-nav-google":"","font-nav-typekit":"","font-headings":"'HelveticaNeue-Light', 'Helvetica Neue Light', 'Helvetica Neue', Helvetica, Arial, 'Lucida Grande', sans-serif","font-headings-google":"","font-headings-typekit":"","font-text":"'HelveticaNeue-Light', 'Helvetica Neue Light', 'Helvetica Neue', Helvetica, Arial, 'Lucida Grande', sans-serif","font-text-google":"","font-text-typekit":"","font-accent":"'HelveticaNeue-Light', 'Helvetica Neue Light', 'Helvetica Neue', Helvetica, Arial, 'Lucida Grande', sans-serif","font-accent-google":"","font-accent-typekit":"","header-search-show":false,"header-account-show":true,"header-menu-center":true,"general-favicon-enabled":true,"header-logo-center":true,"header-logo-show":true,"header--logo-height":"25","footer-payment-options-show":false,"footer-block-1-title":"","footer-block-1-text":"© 2016 Journey Brands, LLC.\r\nJourneymen is a registered trademark of Journey Brands, LLC. All Rights Reserved.","footer-block-2-title":"Journeymen Info","footer-block-2-linklist":"footer","footer-mailing-list-show":true,"footer-mailing-list-form-action":"\/\/wearejourneymen.us13.list-manage.com\/subscribe\/post?u=a4edb86c0807f276b20696c1f&amp;id=75de9412bc","footer-facebook-follow-url":"https:\/\/www.facebook.com\/wearejourneymen\/","footer-twitter-follow-url":"https:\/\/twitter.com\/wearejourneymen","footer-instagram-follow-url":"https:\/\/www.instagram.com\/wearejourneymen\/","footer-vimeo-follow-url":"https:\/\/vimeo.com\/wearejourneymen","footer-pinterest-follow-url":"","footer-youtube-follow-url":"","footer-tumblr-follow-url":"","footer-google-plus-follow-url":"https:\/\/plus.google.com\/u\/0\/b\/114890586025119289025\/114890586025119289025\/posts?_ga=1.223669983.538923282.1463523414","home-transparent-menu":false,"home--layout-1":"a","home--layout-2":"c","home--layout-3":"b","home--layout-4":"d","home--layout-5":"e","home-slider-auto-enabled":true,"home-slider-rotate-frequency":"15000","home-slider-slide-1-enabled":false,"home-slider-slide-1-title":"","home-slider-slide-1-tagline":"","home-slider-slide-1-link-title":"","home-slider-slide-1-link-url":"","home-slider-slide-1-y-pos":"middle","home-slider-slide-1-x-pos":"right","home-slider-slide-1-text-pos":"text-center","home-slider-slide-1-video":"","home-slider-slide-2-enabled":true,"home-slider-slide-2-title":"","home-slider-slide-2-tagline":"","home-slider-slide-2-link-title":"","home-slider-slide-2-link-url":"http:\/\/www.wearejourneymen.com\/products\/mens-natural-deodorant-aluminum-and-paraben-free-made-in-usa","home-slider-slide-2-y-pos":"middle","home-slider-slide-2-x-pos":"left","home-slider-slide-2-text-pos":"text-left","home-slider-slide-2-video":"","home-slider-slide-3-enabled":false,"home-slider-slide-3-title":"","home-slider-slide-3-tagline":"","home-slider-slide-3-link-title":"","home-slider-slide-3-link-url":"","home-slider-slide-3-y-pos":"middle","home-slider-slide-3-x-pos":"left","home-slider-slide-3-text-pos":"text-left","home-slider-slide-3-video":"","home-slider-slide-4-enabled":false,"home-slider-slide-4-title":"","home-slider-slide-4-tagline":"","home-slider-slide-4-link-title":"","home-slider-slide-4-link-url":"","home-slider-slide-4-y-pos":"middle","home-slider-slide-4-x-pos":"left","home-slider-slide-4-text-pos":"text-left","home-slider-slide-4-video":"","home-slider-slide-5-enabled":false,"home-slider-slide-5-title":"","home-slider-slide-5-tagline":"","home-slider-slide-5-link-title":"","home-slider-slide-5-link-url":"","home-slider-slide-5-y-pos":"top","home-slider-slide-5-x-pos":"left","home-slider-slide-5-text-pos":"text-left","home-slider-slide-5-video":"","home-slider-slide-6-enabled":false,"home-slider-slide-6-title":"","home-slider-slide-6-tagline":"","home-slider-slide-6-link-title":"","home-slider-slide-6-link-url":"","home-slider-slide-6-y-pos":"top","home-slider-slide-6-x-pos":"left","home-slider-slide-6-text-pos":"text-left","home-slider-slide-6-video":"","home-product-slider-collection":"fragrance-no-1","home-product-slider-limit":"4","home-featured-promo-left-type":"text","home-featured-promo-right-type":"image-b","home-featured-promo-text-align":"text-center","home-featured-promo-title":"Why Choose Journeymen's<br>Natural Deodorant for Men?","home-featured-promo-description":"Journeymen offers a natural deodorant for men that works! Our deodorant is aluminum free, paraben free, and contains no harmful chemicals.\r\n\r\nYou will love the all-natural cypress \/ smoke scent in our men's natural deodorant that will keep you smelling fresh all day long.","home-featured-promo-link-text":"","home-featured-promo-link-url":"","home-featured-promo-image-link-a":"collections\/all","home-featured-promo-alt-a":"Theme Features","home-featured-promo-image-link-b":"","home-featured-promo-alt-b":"Natural Deodorant for Men Stick and Spray","home-featured-promo-video":"<iframe src=\"https:\/\/player.vimeo.com\/video\/170137202?title=0&portrait=0\" width=\"640\" height=\"360\" frameborder=\"0\" webkitallowfullscreen mozallowfullscreen allowfullscreen><\/iframe>","home-widget-image-text-1-type":"image-text","home-widget-image-text-2-type":"image-text","home-widget-image-text-3-type":"image-text","home-widget-image-text-4-type":"image-text","home-widget-image-text-1":true,"home-widget-image-text-1-alt":"Journeymen retailer, General Admission, Venice","home-widget-image-text-1-link":"http:\/\/www.journeymen.media\/general-admission-venice\/","home-widget-image-text-1-title":"General Admission","home-widget-image-text-1-sub-title":"Venice","home-widget-image-text-2":true,"home-widget-image-text-2-alt":"Journeymen Retailer, Thalia Surf","home-widget-image-text-2-link":"","home-widget-image-text-2-title":"Thalia Surf","home-widget-image-text-2-sub-title":"Laguna Beach","home-widget-image-text-3":true,"home-widget-image-text-3-alt":"Journeymen Retailer, Kinfolk, Brooklyn","home-widget-image-text-3-link":"http:\/\/www.journeymen.media\/featured-retailer-kinfolk-brooklyn\/","home-widget-image-text-3-title":"Kinfolk","home-widget-image-text-3-sub-title":"Brooklyn","home-widget-image-text-4":false,"home-widget-image-text-4-alt":"","home-widget-image-text-4-link":"http:\/\/www.facebook.com","home-widget-image-text-4-title":"","home-widget-image-text-4-sub-title":"","home-widget-twitter":false,"home-widget-twitter-username":"wearejourneymen","home-widget-twitter-type":"twitter","home-widget-instagram":true,"home-widget-instagram-username":"wearejourneymen","home-widget-instagram-access-token":"1141111701.c76948d.01ffbf577cbd49e9b17eb092861c3595","home-widget-instagram-type":"instagram","home-widget-blog":false,"home-widget-blog-name":"news","home-widget-blog-type":"blog","product-position-title-vendor":"right","product-position-price":"right","product-position-form":"right","product-position-thumbs":"center","product-position-description":"right","product-breadcrumbs-show":false,"product-unavailable-form-show":false,"product-modal-enabled":true,"product-zoom-enabled":false,"product-brand-show":false,"product-share-this-show":false,"product-share-twitter":true,"product-share-facebook":true,"product-share-pinterest":true,"product-share-tumblr":true,"product-share-google":false,"product-similar-products-show":false,"product-similar-products-amount":"3","collections-breadcrumbs-show":true,"collections-tags-show":true,"collections-brand-show":true,"collections-products-per-row":"4","collections-rows-per-page":"3","cart-notes-show":true,"blog-articles-per-page":"5","article-share-twitter":false,"article-share-facebook":true,"article-share-pinterest":true,"article-share-tumblr":true,"article-share-google":false,"about-heading":"Our Story","middle_img":false,"about-member-heading":"","show_member_1":false,"member_title_1":"title 1","member_subtitle_1":"subtitle 1","member_content_1":"content","show_member_2":false,"member_title_2":"title","member_subtitle_2":"sub","member_content_2":"content","show_member_3":false,"member_title_3":"","member_subtitle_3":"","member_content_3":"","show_member_4":false,"member_title_4":"","member_subtitle_4":"","member_content_4":"","show_member_5":false,"member_title_5":"","member_subtitle_5":"","member_content_5":"","show_member_6":false,"member_title_6":"","member_subtitle_6":"","member_content_6":"","show_member_7":false,"member_title_7":"","member_subtitle_7":"","member_content_7":"","show_member_8":false,"member_title_8":"","member_subtitle_8":"","member_content_8":"","show_member_9":false,"member_title_9":"","member_subtitle_9":"","member_content_9":"","show_member_10":false,"member_title_10":"","member_subtitle_10":"","member_content_10":"","show_member_11":false,"member_title_11":"","member_subtitle_11":"","member_content_11":"","show_member_12":false,"member_title_12":"","member_subtitle_12":"","member_content_12":"","show_member_13":false,"member_title_13":"","member_subtitle_13":"","member_content_13":"","show_member_14":false,"member_title_14":"","member_subtitle_14":"","member_content_14":"","show_member_15":false,"member_title_15":"","member_subtitle_15":"","member_content_15":"","show_member_16":false,"member_title_16":"","member_subtitle_16":"","member_content_16":"","show_member_17":false,"member_title_17":"","member_subtitle_17":"","member_content_17":"","show_member_18":false,"member_title_18":"","member_subtitle_18":"","member_content_18":"","show_member_19":false,"member_title_19":"","member_subtitle_19":"","member_content_19":"","show_member_20":false,"member_title_20":"","member_subtitle_20":"","member_content_20":"","search-products-only":false,"show_multiple_currencies":false,"currency_format":"money_with_currency_format","supported_currencies":"INR GBP CAD USD AUD EUR JPY","default_currency":"USD","newsletter_popup":true,"newsletter_popup_form":true,"newsletter_popup_seconds":"10","newsletter_popup_days":"2","newsletter_form_action":"\/\/wearejourneymen.us13.list-manage.com\/subscribe\/post?u=a4edb86c0807f276b20696c1f&amp;id=75de9412bc","checkout_use_header_image":false,"checkout_logo":"checkout_logo.png","checkout_logo_image":"shopify:\/\/shop_images\/checkout_logo_31.png","checkout_logo_position":"left","checkout_logo_size":"medium","checkout_use_body_background_image":false,"checkout_body_background_color":"#050505","checkout_input_background_color_mode":"transparent","checkout_use_sidebar_background_image":false,"checkout_sidebar_background_color":"#000000","checkout_heading_font":"Helvetica Neue","checkout_body_font":"Helvetica Neue","checkout_accent_color":"#d4d4d4","checkout_button_color":"#3f3f3f","checkout_error_color":"#fc0000","newsletter_popup_page":"","home-widget-instagram-client-id":"76d58d66478e4cd0a54a5dccef206ed6"},"presets":{"Deli":{"general-bg-image-enabled":false,"general-bg-image-display":"tiled","color-text":"#444444","color-text-alt":"#999999","color-link":"#999999","color-link-hover":"#444444","color-page-bg":"#ffffff","color-panel-bg":"#fafafa","color-border":"#ebebeb","color-error":"#f25a1d","color-button":"#ffffff","color-button-bg":"#444444","color-button-bg-hover":"#777777","color-twitter-tone":"light","color-header-bg":"#fafafa","color-header":"#444444","color-header-cart":"#444444","color-footer-bg":"#fafafa","color-footer":"#333333","color-slider-caption":"#444444","color-slider-caption-bg":"#ffffff","color-slider-button":"#f7f7f7","color-slider-button-bg":"#444444","color-slider-button-hover-bg":"#999999","color-slider-nav":"#444444","color-product-slider-bg":"#f7f7f7","color-featured-promo-bg":"#f7f7f7","color-social-feed-bg":"#ffffff","color-grid-sale":"#ffffff","color-grid-sale-bg":"#444444","color-grid-sold-out":"#ffffff","color-grid-sold-out-bg":"#cccccc","color-product-cart-button":"#f7f7f7","color-product-cart-button-bg":"#444444","color-product-cart-button-bg-hover":"#999999","color-tabs-accordions":"#ebebeb","font-advanced-typekit-id":"xxxxxxx","font-logo":"google, 'Open Sans', sans-serif","font-logo-google":"","font-logo-typekit":"","font-nav":"'HelveticaNeue-Light', 'Helvetica Neue Light', 'Helvetica Neue', Helvetica, Arial, 'Lucida Grande', sans-serif","font-nav-google":"","font-nav-typekit":"","font-headings":"'HelveticaNeue-Light', 'Helvetica Neue Light', 'Helvetica Neue', Helvetica, Arial, 'Lucida Grande', sans-serif","font-headings-google":"","font-headings-typekit":"","font-text":"'HelveticaNeue-Light', 'Helvetica Neue Light', 'Helvetica Neue', Helvetica, Arial, 'Lucida Grande', sans-serif","font-text-google":"","font-text-typekit":"","font-accent":"'HelveticaNeue-Light', 'Helvetica Neue Light', 'Helvetica Neue', Helvetica, Arial, 'Lucida Grande', sans-serif","font-accent-google":"","font-accent-typekit":"","header-search-show":true,"header-account-show":true,"header-menu-center":false,"general-favicon-enabled":true,"header-logo-center":false,"header-logo-show":true,"header--logo-height":"50","footer-payment-options-show":true,"footer-block-1-title":"Store","footer-block-1-text":"Designed with love by <a title=\"Shopify Theme Store\" href=\"http:\/\/troopthemes.com\"><strong>Troop Themes<\/strong><\/a><br \/>\r\n<a href=\"http:\/\/troopthemes.com\/products\/blockshop-theme\" title=\"Blockshop Shopify Theme\"><strong>Get the Theme!<\/strong><\/a><br \/>","footer-block-2-title":"Info","footer-block-2-linklist":"footer","footer-mailing-list-show":true,"footer-mailing-list-form-action":"","footer-facebook-follow-url":"https:\/\/www.facebook.com\/troopthemes","footer-twitter-follow-url":"https:\/\/twitter.com\/troopthemes","footer-instagram-follow-url":"https:\/\/instagram.com\/troopthemes","footer-vimeo-follow-url":"","footer-pinterest-follow-url":"","footer-youtube-follow-url":"","footer-tumblr-follow-url":"","footer-google-plus-follow-url":"","home-transparent-menu":true,"home--layout-1":"a","home--layout-2":"b","home--layout-3":"c","home--layout-4":"d","home--layout-5":"e","home-slider-auto-enabled":true,"home-slider-rotate-frequency":"7000","home-slider-slide-1-enabled":false,"home-slider-slide-1-title":"","home-slider-slide-1-tagline":"","home-slider-slide-1-link-title":"","home-slider-slide-1-link-url":"","home-slider-slide-1-y-pos":"middle","home-slider-slide-1-x-pos":"left","home-slider-slide-1-text-pos":"text-left","home-slider-slide-1-video":"","home-slider-slide-2-enabled":false,"home-slider-slide-2-title":"","home-slider-slide-2-tagline":"","home-slider-slide-2-link-title":"","home-slider-slide-2-link-url":"","home-slider-slide-2-y-pos":"middle","home-slider-slide-2-x-pos":"center","home-slider-slide-2-text-pos":"text-left","home-slider-slide-2-video":"","home-slider-slide-3-enabled":false,"home-slider-slide-3-title":"","home-slider-slide-3-tagline":"","home-slider-slide-3-link-title":"","home-slider-slide-3-link-url":"","home-slider-slide-3-y-pos":"top","home-slider-slide-3-x-pos":"center","home-slider-slide-3-text-pos":"text-left","home-slider-slide-3-video":"","home-slider-slide-4-enabled":false,"home-slider-slide-4-title":"","home-slider-slide-4-tagline":"","home-slider-slide-4-link-title":"","home-slider-slide-4-link-url":"","home-slider-slide-4-y-pos":"top","home-slider-slide-4-x-pos":"left","home-slider-slide-4-text-pos":"text-left","home-slider-slide-4-video":"","home-slider-slide-5-enabled":false,"home-slider-slide-5-title":"","home-slider-slide-5-tagline":"","home-slider-slide-5-link-title":"","home-slider-slide-5-link-url":"","home-slider-slide-5-y-pos":"top","home-slider-slide-5-x-pos":"left","home-slider-slide-5-text-pos":"text-left","home-slider-slide-5-video":"","home-slider-slide-6-enabled":false,"home-slider-slide-6-title":"","home-slider-slide-6-tagline":"","home-slider-slide-6-link-title":"","home-slider-slide-6-link-url":"","home-slider-slide-6-y-pos":"top","home-slider-slide-6-x-pos":"left","home-slider-slide-6-text-pos":"text-left","home-slider-slide-6-video":"","home-product-slider-collection":"featured-products","home-product-slider-limit":"12","home-featured-promo-left-type":"video","home-featured-promo-right-type":"text","home-featured-promo-text-align":"text-left","home-featured-promo-title":"One Stop Shop.","home-featured-promo-description":"The Blockshop theme boasts spacious layouts, block colors, bold typography with a minimal user interface that endures trends with simplicity and style. Content is divided into large customizable blocks giving you the freedom to adjust layout, color, typography and UI elements to represent your brand with boldness and clarity. Retina-ready and completely responsive the Blockshop is your one stop shop.","home-featured-promo-link-text":"Buy Theme","home-featured-promo-link-url":"https:\/\/themes.shopify.com\/themes\/blockshop\/styles\/deli","home-featured-promo-image-link-a":"collections\/all","home-featured-promo-alt-a":"Theme Features","home-featured-promo-image-link-b":"collections\/all","home-featured-promo-alt-b":"Theme Features","home-featured-promo-video":"<iframe src=\"\/\/player.vimeo.com\/video\/27243869?color=ffffff\" width=\"800\" height=\"450\" frameborder=\"0\" webkitallowfullscreen mozallowfullscreen allowfullscreen><\/iframe>","home-widget-image-text-1-type":"image-text","home-widget-image-text-2-type":"image-text","home-widget-image-text-3-type":"image-text","home-widget-image-text-4-type":"image-text","home-widget-image-text-1":false,"home-widget-image-text-1-alt":"Daily Deli","home-widget-image-text-1-link":"\/collections\/new","home-widget-image-text-1-title":"Daily Deli Goods","home-widget-image-text-1-sub-title":"Shop New","home-widget-image-text-2":false,"home-widget-image-text-2-alt":"From the Bar","home-widget-image-text-2-link":"\/collections\/drinks","home-widget-image-text-2-title":"From the Bar","home-widget-image-text-2-sub-title":"Shop Specialty","home-widget-image-text-3":false,"home-widget-image-text-3-alt":"Theme Features","home-widget-image-text-3-link":"https:\/\/themes.shopify.com\/themes\/blockshop\/styles\/deli","home-widget-image-text-3-title":"Responsive & Retina Ready","home-widget-image-text-3-sub-title":"Buy Theme","home-widget-image-text-4":false,"home-widget-image-text-4-alt":"Deconstructing the Perfect Burger","home-widget-image-text-4-link":"\/blog","home-widget-image-text-4-title":"The Perfect Burger","home-widget-image-text-4-sub-title":"Read the blog","home-widget-twitter-type":"twitter","home-widget-instagram-type":"instagram","home-widget-blog-type":"blog","home-widget-twitter":true,"home-widget-twitter-username":"bonappetit","home-widget-instagram":true,"home-widget-instagram-username":"troop.blockshop.deli","home-widget-instagram-client-id":"","home-widget-blog":true,"home-widget-blog-name":"news","product-position-title-vendor":"left","product-position-price":"left","product-position-form":"left","product-position-thumbs":"left","product-position-description":"right","product-breadcrumbs-show":true,"product-unavailable-form-show":false,"product-modal-enabled":true,"product-zoom-enabled":true,"product-brand-show":true,"product-share-this-show":true,"product-share-twitter":true,"product-share-facebook":true,"product-share-pinterest":true,"product-share-tumblr":true,"product-share-google":true,"product-similar-products-show":true,"product-similar-products-amount":"3","collections-breadcrumbs-show":true,"collections-tags-show":true,"collections-brand-show":true,"collections-products-per-row":"4","collections-rows-per-page":"3","cart-notes-show":true,"blog-articles-per-page":"5","article-share-twitter":true,"article-share-facebook":true,"article-share-pinterest":true,"article-share-tumblr":true,"article-share-google":true,"search-products-only":false,"show_multiple_currencies":true,"currency_format":"money_with_currency_format","supported_currencies":"INR GBP CAD USD AUD EUR JPY","default_currency":"USD","checkout_use_header_image":false,"checkout_logo":"","checkout_logo_position":"left","checkout_logo_size":"medium","checkout_use_body_background_image":false,"checkout_body_background_color":"#ffffff","checkout_input_background_color_mode":"white","checkout_use_sidebar_background_image":false,"checkout_sidebar_background_color":"#fafafa","checkout_heading_font":"Helvetica Neue","checkout_body_font":"Helvetica Neue","checkout_accent_color":"#2a9dcc","checkout_button_color":"#2a9dcc","checkout_error_color":"#ff6d6d"},"Beat":{"general-bg-image-enabled":false,"general-bg-image-display":"tiled","color-text":"#bababa","color-text-alt":"#666666","color-link":"#7a7daa","color-link-hover":"#eeeeee","color-page-bg":"#222222","color-panel-bg":"#1a1a1a","color-border":"#444444","color-error":"#ed797b","color-button":"#dddddd","color-button-bg":"#555555","color-button-bg-hover":"#74747a","color-twitter-tone":"dark","color-header-bg":"#111111","color-header":"#bababa","color-header-cart":"#7a7daa","color-footer-bg":"#111111","color-footer":"#ffffff","color-slider-caption":"#dddddd","color-slider-caption-bg":"#1a1a1a","color-slider-button":"#ffffff","color-slider-button-bg":"#555555","color-slider-button-hover-bg":"#74747a","color-slider-nav":"#74747a","color-product-slider-bg":"#111111","color-featured-promo-bg":"#1a1a1a","color-social-feed-bg":"#1a1a1a","color-grid-sale":"#ffffff","color-grid-sale-bg":"#7a7daa","color-grid-sold-out":"#ffffff","color-grid-sold-out-bg":"#1a1a1a","color-product-cart-button":"#ffffff","color-product-cart-button-bg":"#7a7daa","color-product-cart-button-bg-hover":"#a3a0bf","color-tabs-accordions":"#1a1a1a","font-advanced-typekit-id":"xxxxxxx","font-logo":"'HelveticaNeue-Light', 'Helvetica Neue Light', 'Helvetica Neue', Helvetica, Arial, 'Lucida Grande', sans-serif","font-logo-google":"","font-logo-typekit":"","font-nav":"'HelveticaNeue-Light', 'Helvetica Neue Light', 'Helvetica Neue', Helvetica, Arial, 'Lucida Grande', sans-serif","font-nav-google":"","font-nav-typekit":"","font-headings":"'HelveticaNeue-Light', 'Helvetica Neue Light', 'Helvetica Neue', Helvetica, Arial, 'Lucida Grande', sans-serif","font-headings-google":"","font-headings-typekit":"","font-text":"'HelveticaNeue-Light', 'Helvetica Neue Light', 'Helvetica Neue', Helvetica, Arial, 'Lucida Grande', sans-serif","font-text-google":"","font-text-typekit":"","font-accent":"'HelveticaNeue-Light', 'Helvetica Neue Light', 'Helvetica Neue', Helvetica, Arial, 'Lucida Grande', sans-serif","font-accent-google":"","font-accent-typekit":"","header-search-show":true,"header-account-show":true,"header-menu-center":true,"general-favicon-enabled":true,"header-logo-center":true,"header-logo-show":true,"header--logo-height":"100","footer-payment-options-show":true,"footer-block-1-title":"Store","footer-block-1-text":"Designed with love by <a title=\"Shopify Theme Store\" href=\"http:\/\/troopthemes.com\"><strong>Troop Themes<\/strong><\/a><br \/>\r\n<a href=\"http:\/\/troopthemes.com\/products\/blockshop-theme\" title=\"Blockshop Shopify Theme\"><strong>Get the Theme!<\/strong><\/a><br \/>","footer-block-2-title":"Info","footer-block-2-linklist":"footer","footer-mailing-list-show":true,"footer-mailing-list-form-action":"","footer-facebook-follow-url":"","footer-twitter-follow-url":"","footer-instagram-follow-url":"","footer-vimeo-follow-url":"","footer-pinterest-follow-url":"","footer-youtube-follow-url":"","footer-tumblr-follow-url":"","footer-google-plus-follow-url":"","home-transparent-menu":false,"home--layout-1":"a","home--layout-2":"d","home--layout-3":"b","home--layout-4":"e","home--layout-5":"","home-slider-auto-enabled":true,"home-slider-rotate-frequency":"7000","home-slider-slide-1-enabled":false,"home-slider-slide-1-title":"","home-slider-slide-1-tagline":"","home-slider-slide-1-link-title":"","home-slider-slide-1-link-url":"","home-slider-slide-1-y-pos":"middle","home-slider-slide-1-x-pos":"left","home-slider-slide-1-text-pos":"text-left","home-slider-slide-1-video":"","home-slider-slide-2-enabled":false,"home-slider-slide-2-title":"","home-slider-slide-2-tagline":"","home-slider-slide-2-link-title":"","home-slider-slide-2-link-url":"","home-slider-slide-2-y-pos":"middle","home-slider-slide-2-x-pos":"left","home-slider-slide-2-text-pos":"text-left","home-slider-slide-2-video":"","home-slider-slide-3-enabled":false,"home-slider-slide-3-title":"","home-slider-slide-3-tagline":"","home-slider-slide-3-link-title":"","home-slider-slide-3-link-url":"","home-slider-slide-3-y-pos":"top","home-slider-slide-3-x-pos":"center","home-slider-slide-3-text-pos":"text-left","home-slider-slide-3-video":"","home-slider-slide-4-enabled":false,"home-slider-slide-4-title":"","home-slider-slide-4-tagline":"","home-slider-slide-4-link-title":"","home-slider-slide-4-link-url":"","home-slider-slide-4-y-pos":"bottom","home-slider-slide-4-x-pos":"center","home-slider-slide-4-text-pos":"text-left","home-slider-slide-4-video":"","home-slider-slide-5-enabled":false,"home-slider-slide-5-title":"","home-slider-slide-5-tagline":"","home-slider-slide-5-link-title":"","home-slider-slide-5-link-url":"","home-slider-slide-5-y-pos":"top","home-slider-slide-5-x-pos":"left","home-slider-slide-5-text-pos":"text-left","home-slider-slide-5-video":"","home-slider-slide-6-enabled":false,"home-slider-slide-6-title":"","home-slider-slide-6-tagline":"","home-slider-slide-6-link-title":"","home-slider-slide-6-link-url":"","home-slider-slide-6-y-pos":"top","home-slider-slide-6-x-pos":"left","home-slider-slide-6-text-pos":"text-left","home-slider-slide-6-video":"","home-product-slider-collection":"frontpage","home-product-slider-limit":"12","home-featured-promo-left-type":"image-a","home-featured-promo-right-type":"text","home-featured-promo-text-align":"text-left","home-featured-promo-title":"Rock the Block.","home-featured-promo-description":"The Blockshop theme boasts spacious layouts, block colors, bold typography with a minimal user interface that endures trends with simplicity and style. Content is divided into large customizable blocks giving you the freedom to adjust layout, color, typography and UI elements to represent your brand with boldness and clarity. Retina-ready and completely responsive the Blockshop is your one stop shop.","home-featured-promo-link-text":"Buy Theme","home-featured-promo-link-url":"https:\/\/themes.shopify.com\/themes\/blockshop\/styles\/beat","home-featured-promo-image-link-a":"collections\/all","home-featured-promo-alt-a":"Theme Features","home-featured-promo-image-link-b":"collections\/all","home-featured-promo-alt-b":"Theme Features","home-featured-promo-video":"<iframe src=\"\/\/player.vimeo.com\/video\/67387687\" width=\"500\" height=\"281\" frameborder=\"0\" webkitallowfullscreen mozallowfullscreen allowfullscreen><\/iframe> <p><a href=\"http:\/\/vimeo.com\/67387687\">Mount Kimbie - Made To Stray<\/a> from <a href=\"http:\/\/vimeo.com\/user5799234\">Leif Podhajsky<\/a> on <a href=\"https:\/\/vimeo.com\">Vimeo<\/a>.<\/p>","home-widget-image-text-1-type":"image-text","home-widget-image-text-2-type":"image-text","home-widget-image-text-3-type":"image-text","home-widget-image-text-4-type":"image-text","home-widget-image-text-1":false,"home-widget-image-text-1-alt":"Mount Kimbie's New Album","home-widget-image-text-1-link":"collections\/frontpage\/products\/mount-kimbie-cold-spring-faultless-youth","home-widget-image-text-1-title":"Mount Kimbie's New Album","home-widget-image-text-1-sub-title":"View Release","home-widget-image-text-2":false,"home-widget-image-text-2-alt":"","home-widget-image-text-2-link":"\/cart","home-widget-image-text-2-title":"","home-widget-image-text-2-sub-title":"","home-widget-image-text-3":false,"home-widget-image-text-3-alt":"Latest Gear Reviews","home-widget-image-text-3-link":"\/blogs\/news","home-widget-image-text-3-title":"Latest Gear Reviews","home-widget-image-text-3-sub-title":"Read Blog","home-widget-image-text-4":false,"home-widget-image-text-4-alt":"","home-widget-image-text-4-link":"http:\/\/www.facebook.com","home-widget-image-text-4-title":"","home-widget-image-text-4-sub-title":"","home-widget-twitter-type":"twitter","home-widget-instagram-type":"instagram","home-widget-blog-type":"blog","home-widget-twitter":true,"home-widget-twitter-username":"residentadvisor","home-widget-instagram":true,"home-widget-instagram-username":"thefader","home-widget-instagram-client-id":"76d58d66478e4cd0a54a5dccef206ed6","home-widget-blog":true,"home-widget-blog-name":"news","product-position-title-vendor":"left","product-position-price":"left","product-position-form":"left","product-position-thumbs":"left","product-position-description":"right","product-breadcrumbs-show":true,"product-unavailable-form-show":false,"product-modal-enabled":true,"product-zoom-enabled":true,"product-brand-show":true,"product-share-this-show":true,"product-share-twitter":true,"product-share-facebook":true,"product-share-pinterest":true,"product-share-tumblr":true,"product-share-google":true,"product-similar-products-show":true,"product-similar-products-amount":"3","collections-breadcrumbs-show":true,"collections-tags-show":true,"collections-brand-show":true,"collections-products-per-row":"4","collections-rows-per-page":"3","cart-notes-show":true,"blog-articles-per-page":"5","article-share-twitter":true,"article-share-facebook":true,"article-share-pinterest":true,"article-share-tumblr":true,"article-share-google":true,"search-products-only":false,"show_multiple_currencies":true,"currency_format":"money_with_currency_format","supported_currencies":"INR GBP CAD USD AUD EUR JPY","default_currency":"USD","checkout_use_header_image":false,"checkout_logo":"","checkout_logo_position":"left","checkout_logo_size":"medium","checkout_use_body_background_image":false,"checkout_body_background_color":"#fff","checkout_input_background_color_mode":"white","checkout_use_sidebar_background_image":false,"checkout_sidebar_background_color":"#fafafa","checkout_heading_font":"Helvetica Neue","checkout_body_font":"Helvetica Neue","checkout_accent_color":"#2a9dcc","checkout_button_color":"#2a9dcc","checkout_error_color":"#ff6d6d"},"Beauty":{"general-bg-image-enabled":false,"general-bg-image-display":"tiled","color-text":"#444444","color-text-alt":"#444444","color-link":"#000000","color-link-hover":"#999999","color-page-bg":"#ffffff","color-panel-bg":"#fafafa","color-border":"#ebebeb","color-error":"#ed797b","color-button":"#dddddd","color-button-bg":"#222222","color-button-bg-hover":"#74747a","color-twitter-tone":"light","color-header-bg":"#ffadad","color-header":"#444444","color-header-cart":"#444444","color-footer-bg":"#ffadad","color-footer":"#333333","color-slider-caption":"#222222","color-slider-caption-bg":"#ffffff","color-slider-button":"#ffffff","color-slider-button-bg":"#222222","color-slider-button-hover-bg":"#333333","color-slider-nav":"#a3a0bf","color-product-slider-bg":"#caeff0","color-featured-promo-bg":"#ffffff","color-social-feed-bg":"#ffede7","color-grid-sale":"#ffffff","color-grid-sale-bg":"#222222","color-grid-sold-out":"#ffffff","color-grid-sold-out-bg":"#222222","color-product-cart-button":"#ffffff","color-product-cart-button-bg":"#444444","color-product-cart-button-bg-hover":"#999999","color-tabs-accordions":"#fafafa","font-advanced-typekit-id":"","font-logo":"google, 'Open Sans', sans-serif","font-logo-google":"","font-logo-typekit":"","font-nav":"'HelveticaNeue-Light', 'Helvetica Neue Light', 'Helvetica Neue', Helvetica, Arial, 'Lucida Grande', sans-serif","font-nav-google":"","font-nav-typekit":"","font-headings":"google, 'Lato', sans-serif","font-headings-google":"","font-headings-typekit":"","font-text":"google, 'Lato', sans-serif","font-text-google":"","font-text-typekit":"","font-accent":"google, 'Open Sans', sans-serif","font-accent-google":"","font-accent-typekit":"","header-search-show":true,"header-account-show":true,"header-menu-center":true,"general-favicon-enabled":true,"header-logo-center":true,"header-logo-show":true,"header--logo-height":"50","footer-payment-options-show":true,"footer-block-1-title":"Store","footer-block-1-text":"Designed with love by <a title=\"Shopify Theme Store\" href=\"http:\/\/troopthemes.com\"><strong>Troop Themes<\/strong><\/a><br \/>\r\n<a href=\"http:\/\/troopthemes.com\/products\/blockshop-theme\" title=\"Blockshop Shopify Theme\"><strong>Get the Theme!<\/strong><\/a><br \/>","footer-block-2-title":"Info","footer-block-2-linklist":"footer","footer-mailing-list-show":true,"footer-mailing-list-form-action":"","footer-facebook-follow-url":"","footer-twitter-follow-url":"","footer-instagram-follow-url":"","footer-vimeo-follow-url":"","footer-pinterest-follow-url":"","footer-youtube-follow-url":"","footer-tumblr-follow-url":"","footer-google-plus-follow-url":"","home-transparent-menu":false,"home--layout-1":"a","home--layout-2":"e","home--layout-3":"","home--layout-4":"","home--layout-5":"","home-slider-auto-enabled":true,"home-slider-rotate-frequency":"5000","home-slider-slide-1-enabled":false,"home-slider-slide-1-title":"","home-slider-slide-1-tagline":"","home-slider-slide-1-link-title":"","home-slider-slide-1-link-url":"","home-slider-slide-1-y-pos":"middle","home-slider-slide-1-x-pos":"left","home-slider-slide-1-text-pos":"text-left","home-slider-slide-1-video":"","home-slider-slide-2-enabled":false,"home-slider-slide-2-title":"","home-slider-slide-2-tagline":"","home-slider-slide-2-link-title":"","home-slider-slide-2-link-url":"","home-slider-slide-2-y-pos":"middle","home-slider-slide-2-x-pos":"left","home-slider-slide-2-text-pos":"text-left","home-slider-slide-2-video":"","home-slider-slide-3-enabled":false,"home-slider-slide-3-title":"","home-slider-slide-3-tagline":"","home-slider-slide-3-link-title":"","home-slider-slide-3-link-url":"","home-slider-slide-3-y-pos":"middle","home-slider-slide-3-x-pos":"left","home-slider-slide-3-text-pos":"text-left","home-slider-slide-3-video":"","home-slider-slide-4-enabled":false,"home-slider-slide-4-title":"","home-slider-slide-4-tagline":"","home-slider-slide-4-link-title":"","home-slider-slide-4-link-url":"","home-slider-slide-4-y-pos":"middle","home-slider-slide-4-x-pos":"left","home-slider-slide-4-text-pos":"text-left","home-slider-slide-4-video":"","home-slider-slide-5-enabled":false,"home-slider-slide-5-title":"","home-slider-slide-5-tagline":"","home-slider-slide-5-link-title":"","home-slider-slide-5-link-url":"","home-slider-slide-5-y-pos":"top","home-slider-slide-5-x-pos":"left","home-slider-slide-5-text-pos":"text-left","home-slider-slide-5-video":"","home-slider-slide-6-enabled":false,"home-slider-slide-6-title":"","home-slider-slide-6-tagline":"","home-slider-slide-6-link-title":"","home-slider-slide-6-link-url":"","home-slider-slide-6-y-pos":"top","home-slider-slide-6-x-pos":"left","home-slider-slide-6-text-pos":"text-left","home-slider-slide-6-video":"","home-product-slider-collection":"featured-products","home-product-slider-limit":"12","home-featured-promo-left-type":"video","home-featured-promo-right-type":"text","home-featured-promo-text-align":"text-center","home-featured-promo-title":"ONE STOP SHOP.","home-featured-promo-description":"The Blockshop theme boasts spacious layouts, block colors, bold typography with a minimal user interface that endures trends with simplicity and style. Content is divided into large customizable blocks giving you the freedom to adjust layout, color, typography and UI elements to represent your brand with boldness and clarity. Retina-ready and completely responsive the Blockshop is your one stop shop.","home-featured-promo-link-text":"","home-featured-promo-link-url":"","home-featured-promo-image-link-a":"collections\/all","home-featured-promo-alt-a":"Theme Features","home-featured-promo-image-link-b":"collections\/all","home-featured-promo-alt-b":"Theme Features","home-featured-promo-video":"<iframe src=\"\/\/player.vimeo.com\/video\/19308513?title=0&amp;byline=0&amp;portrait=0&amp;color=ffffff\" width=\"800\" height=\"450\" frameborder=\"0\" webkitallowfullscreen mozallowfullscreen allowfullscreen><\/iframe>","home-widget-image-text-1-type":"image-text","home-widget-image-text-2-type":"image-text","home-widget-image-text-3-type":"image-text","home-widget-image-text-4-type":"image-text","home-widget-image-text-1":false,"home-widget-image-text-1-alt":"Wild about Hair","home-widget-image-text-1-link":"collections\/sets","home-widget-image-text-1-title":"Wild About Hair","home-widget-image-text-1-sub-title":"View Collection","home-widget-image-text-2":false,"home-widget-image-text-2-alt":"Kiehls x Kate Moross","home-widget-image-text-2-link":"blogs\/news","home-widget-image-text-2-title":"Kiehls x Kate Moross","home-widget-image-text-2-sub-title":"View Blog","home-widget-image-text-3":false,"home-widget-image-text-3-alt":"New Marlies Möller Brush Set","home-widget-image-text-3-link":"\/collections\/sets\/products\/hair-care-set","home-widget-image-text-3-title":"New Marlies Möller Brush Set","home-widget-image-text-3-sub-title":"View Product","home-widget-image-text-4":false,"home-widget-image-text-4-alt":"","home-widget-image-text-4-link":"http:\/\/www.facebook.com","home-widget-image-text-4-title":"","home-widget-image-text-4-sub-title":"","home-widget-twitter-type":"twitter","home-widget-instagram-type":"instagram","home-widget-blog-type":"blog","home-widget-twitter":false,"home-widget-twitter-username":"voguemagazine","home-widget-instagram":true,"home-widget-instagram-username":"lndr_ldn","home-widget-instagram-client-id":"76d58d66478e4cd0a54a5dccef206ed6","home-widget-blog":false,"home-widget-blog-name":"news","product-position-title-vendor":"left","product-position-price":"left","product-position-form":"left","product-position-thumbs":"center","product-position-description":"right","product-breadcrumbs-show":true,"product-unavailable-form-show":false,"product-modal-enabled":true,"product-zoom-enabled":true,"product-brand-show":true,"product-share-this-show":true,"product-share-twitter":true,"product-share-facebook":true,"product-share-pinterest":true,"product-share-tumblr":true,"product-share-google":true,"product-similar-products-show":true,"product-similar-products-amount":"3","collections-breadcrumbs-show":true,"collections-tags-show":true,"collections-brand-show":true,"collections-products-per-row":"4","collections-rows-per-page":"3","cart-notes-show":true,"blog-articles-per-page":"5","article-share-twitter":true,"article-share-facebook":true,"article-share-pinterest":true,"article-share-tumblr":true,"article-share-google":true,"search-products-only":false,"show_multiple_currencies":true,"currency_format":"money_with_currency_format","supported_currencies":"INR GBP CAD USD AUD EUR JPY","default_currency":"USD","checkout_use_header_image":false,"checkout_logo":"","checkout_logo_position":"left","checkout_logo_size":"medium","checkout_use_body_background_image":false,"checkout_body_background_color":"#fff","checkout_input_background_color_mode":"white","checkout_use_sidebar_background_image":false,"checkout_sidebar_background_color":"#fafafa","checkout_heading_font":"Helvetica Neue","checkout_body_font":"Helvetica Neue","checkout_accent_color":"#2a9dcc","checkout_button_color":"#2a9dcc","checkout_error_color":"#ff6d6d"},"Playhouse":{"general-bg-image-enabled":false,"general-bg-image-display":"tiled","color-text":"#626262","color-text-alt":"#8e8e8e","color-link":"#a6a9a9","color-link-hover":"#909090","color-page-bg":"#ffffff","color-panel-bg":"#fafafa","color-border":"#ebebeb","color-error":"#f25a1d","color-button":"#ffffff","color-button-bg":"#444444","color-button-bg-hover":"#86b0e0","color-twitter-tone":"light","color-header-bg":"#ececec","color-header":"#444444","color-header-cart":"#444444","color-footer-bg":"#f1f1f1","color-footer":"#333333","color-slider-caption":"#626262","color-slider-caption-bg":"#ffffff","color-slider-button":"#f7f7f7","color-slider-button-bg":"#86b0e0","color-slider-button-hover-bg":"#86b0e0","color-slider-nav":"#dce7f5","color-product-slider-bg":"#ffffff","color-featured-promo-bg":"#f7f7f7","color-social-feed-bg":"#ffffff","color-grid-sale":"#ffffff","color-grid-sale-bg":"#86b0e0","color-grid-sold-out":"#ffffff","color-grid-sold-out-bg":"#444444","color-product-cart-button":"#333333","color-product-cart-button-bg":"#dce7f5","color-product-cart-button-bg-hover":"#999999","color-tabs-accordions":"#f0f5fb","font-advanced-typekit-id":"xxxxxxx","font-logo":"google, 'Roboto Slab', serif","font-logo-google":"","font-logo-typekit":"","font-nav":"google, 'Roboto Slab', serif","font-nav-google":"","font-nav-typekit":"","font-headings":"google, 'Roboto Slab', serif","font-headings-google":"","font-headings-typekit":"","font-text":"Georgia, Utopia, 'Times New Roman', Times, serif","font-text-google":"","font-text-typekit":"","font-accent":"'HelveticaNeue-Light', 'Helvetica Neue Light', 'Helvetica Neue', Helvetica, Arial, 'Lucida Grande', sans-serif","font-accent-google":"","font-accent-typekit":"","header-search-show":true,"header-account-show":true,"header-menu-center":false,"general-favicon-enabled":true,"header-logo-center":false,"header-logo-show":true,"header--logo-height":"100","footer-payment-options-show":true,"footer-block-1-title":"Store","footer-block-1-text":"Designed with love by <a title=\"Shopify Theme Store\" href=\"http:\/\/troopthemes.com\"><strong>Troop Themes<\/strong><\/a><br \/>\r\n<a href=\"http:\/\/troopthemes.com\/products\/blockshop-theme\" title=\"Blockshop Shopify Theme\"><strong>Get the Theme!<\/strong><\/a><br \/>","footer-block-2-title":"Info","footer-block-2-linklist":"footer","footer-mailing-list-show":true,"footer-mailing-list-form-action":"","footer-facebook-follow-url":"","footer-twitter-follow-url":"","footer-instagram-follow-url":"","footer-vimeo-follow-url":"","footer-pinterest-follow-url":"","footer-youtube-follow-url":"","footer-tumblr-follow-url":"","footer-google-plus-follow-url":"","home-transparent-menu":true,"home--layout-1":"a","home--layout-2":"b","home--layout-3":"d","home--layout-4":"","home--layout-5":"","home-slider-auto-enabled":true,"home-slider-rotate-frequency":"5000","home-slider-slide-1-enabled":false,"home-slider-slide-1-title":"","home-slider-slide-1-tagline":"","home-slider-slide-1-link-title":"","home-slider-slide-1-link-url":"","home-slider-slide-1-y-pos":"middle","home-slider-slide-1-x-pos":"left","home-slider-slide-1-text-pos":"text-left","home-slider-slide-1-video":"","home-slider-slide-2-enabled":false,"home-slider-slide-2-title":"","home-slider-slide-2-tagline":"","home-slider-slide-2-link-title":"","home-slider-slide-2-link-url":"","home-slider-slide-2-y-pos":"middle","home-slider-slide-2-x-pos":"center","home-slider-slide-2-text-pos":"text-left","home-slider-slide-2-video":"","home-slider-slide-3-enabled":false,"home-slider-slide-3-title":"","home-slider-slide-3-tagline":"","home-slider-slide-3-link-title":"","home-slider-slide-3-link-url":"","home-slider-slide-3-y-pos":"top","home-slider-slide-3-x-pos":"center","home-slider-slide-3-text-pos":"text-left","home-slider-slide-3-video":"","home-slider-slide-4-enabled":false,"home-slider-slide-4-title":"","home-slider-slide-4-tagline":"","home-slider-slide-4-link-title":"","home-slider-slide-4-link-url":"","home-slider-slide-4-y-pos":"bottom","home-slider-slide-4-x-pos":"center","home-slider-slide-4-text-pos":"text-left","home-slider-slide-4-video":"","home-slider-slide-5-enabled":false,"home-slider-slide-5-title":"","home-slider-slide-5-tagline":"","home-slider-slide-5-link-title":"","home-slider-slide-5-link-url":"","home-slider-slide-5-y-pos":"top","home-slider-slide-5-x-pos":"left","home-slider-slide-5-text-pos":"text-left","home-slider-slide-5-video":"","home-slider-slide-6-enabled":false,"home-slider-slide-6-title":"","home-slider-slide-6-tagline":"","home-slider-slide-6-link-title":"","home-slider-slide-6-link-url":"","home-slider-slide-6-y-pos":"top","home-slider-slide-6-x-pos":"left","home-slider-slide-6-text-pos":"text-left","home-slider-slide-6-video":"","home-product-slider-collection":"frontpage","home-product-slider-limit":"12","home-featured-promo-left-type":"text","home-featured-promo-right-type":"text","home-featured-promo-text-align":"text-left","home-featured-promo-title":"One Stop Shop.","home-featured-promo-description":"Block Shop theme boasts spacious layouts, block colours, bold typography with a minimal user interface that endures trends with simplicity and style. Content is divided in large customisable blocks giving you freedom to adjust layout, colour, typography and UI elements to represent your brand with boldness and clarity. Retina-ready, full responsive for widescreen and mobile devices, the Block Shop is your one stop shop.","home-featured-promo-link-text":"View Theme Features","home-featured-promo-link-url":"pages\/theme-features","home-featured-promo-image-link-a":"collections\/all","home-featured-promo-alt-a":"Theme Features","home-featured-promo-image-link-b":"collections\/all","home-featured-promo-alt-b":"Theme Features","home-featured-promo-video":"<iframe src=\"\/\/player.vimeo.com\/video\/68954777?title=0&amp;byline=0&amp;portrait=0\" width=\"500\" height=\"281\" frameborder=\"0\" webkitallowfullscreen mozallowfullscreen allowfullscreen><\/iframe>","home-widget-image-text-1-type":"image-text","home-widget-image-text-2-type":"image-text","home-widget-image-text-3-type":"image-text","home-widget-image-text-4-type":"image-text","home-widget-image-text-1":false,"home-widget-image-text-1-alt":"Celebrate the little things","home-widget-image-text-1-link":"\/collections\/wearable","home-widget-image-text-1-title":"Celebrate the little things","home-widget-image-text-1-sub-title":"<span style=\"display:inline-block; border: 1px solid #999; padding:8px;\">  Shop Girls <\/span>","home-widget-image-text-2":false,"home-widget-image-text-2-alt":"Follow that dream","home-widget-image-text-2-link":"http:\/\/blockshop-theme-playhouse.myshopify.com\/collections\/dress-ups","home-widget-image-text-2-title":"Follow that dream","home-widget-image-text-2-sub-title":"<span style=\"display:inline-block; border: 1px solid #999; padding:8px;\">  Shop Boys <\/span>","home-widget-image-text-3":false,"home-widget-image-text-3-alt":"Happy Home","home-widget-image-text-3-link":"http:\/\/blockshop-theme-playhouse.myshopify.com\/collections\/home-decor","home-widget-image-text-3-title":"Happy Home","home-widget-image-text-3-sub-title":"<span style=\"display:inline-block; border: 1px solid #86b0e0; padding:8px;\"> Shop Home Decor<\/span>","home-widget-image-text-4":false,"home-widget-image-text-4-alt":"Classic Toys","home-widget-image-text-4-link":"http:\/\/blockshop-theme-playhouse.myshopify.com\/collections\/toys\/products\/copy-of-craft-fox-mask","home-widget-image-text-4-title":"The Never-Ending <br\/>Dinosaur Collection","home-widget-image-text-4-sub-title":"<span style=\"display:inline-block; border: 1px solid #86b0e0; padding:8px;\"> Shop Now<\/span>","home-widget-twitter-type":"twitter","home-widget-instagram-type":"instagram","home-widget-blog-type":"blog","home-widget-twitter":false,"home-widget-twitter-username":"Gap","home-widget-instagram":false,"home-widget-instagram-username":"gap","home-widget-instagram-client-id":"76d58d66478e4cd0a54a5dccef206ed6","home-widget-blog":false,"home-widget-blog-name":"news","product-position-title-vendor":"left","product-position-price":"left","product-position-form":"left","product-position-thumbs":"left","product-position-description":"right","product-breadcrumbs-show":true,"product-unavailable-form-show":false,"product-modal-enabled":true,"product-zoom-enabled":true,"product-brand-show":true,"product-share-this-show":true,"product-share-twitter":true,"product-share-facebook":true,"product-share-pinterest":true,"product-share-tumblr":true,"product-share-google":true,"product-similar-products-show":true,"product-similar-products-amount":"3","collections-breadcrumbs-show":true,"collections-tags-show":true,"collections-brand-show":true,"collections-products-per-row":"4","collections-rows-per-page":"3","cart-notes-show":true,"blog-articles-per-page":"5","article-share-twitter":true,"article-share-facebook":true,"article-share-pinterest":true,"article-share-tumblr":true,"article-share-google":true,"search-products-only":false,"show_multiple_currencies":false,"currency_format":"money_with_currency_format","supported_currencies":"INR GBP CAD USD AUD EUR JPY","default_currency":"USD","checkout_use_header_image":false,"checkout_logo":"","checkout_logo_position":"left","checkout_logo_size":"medium","checkout_use_body_background_image":false,"checkout_body_background_color":"#fff","checkout_input_background_color_mode":"white","checkout_use_sidebar_background_image":false,"checkout_sidebar_background_color":"#fafafa","checkout_heading_font":"Helvetica Neue","checkout_body_font":"Helvetica Neue","checkout_accent_color":"#2a9dcc","checkout_button_color":"#2a9dcc","checkout_error_color":"#ff6d6d"}}}